Mouser Part Number,Quantity
MAXM17572AMC+T,4
MAX31856MUD+T,4
ESP32-S3-DevKitC-1U-N8R8,1
EE2-12NUH-L,5
AD8542ARMZ-REEL,10
UCM1H471MNJ1MS,4
1935161,18
CL32A476KOJNNNE,8
1935174,6
SJ2-35813B-SMT-TR,3
SS16FP,13
GRM31CZ72A475KE11L,10
SC0915,1
TCMT1100,10
CL32B226KAJNNNE,5
SX1509BIULTRT,1
SMAJ24CA,10
SZNUP2105LT1G,8
74269244182,26
CL31B225KBHNFNE,31
RCA040210K0FKED,38
VLMTG1500-GS08,6
CRGCQ2512F100R,10
"BSS138P,215",10
TSW-120-08-T-S-RA,1
C0805C105J3RECTU,10
B10B-XH-AM(LF)(SN),3
BZX84C3V3LT1G,11
GCM155R71H104KE02J,45
CRCW04020000Z0EDHP,30
CR2010-J/-000ELF,15
UMK105BJ103KVHF,40
GRM1555C1H682GE01D,10
RCS04021K00FKED,10
GCM1555C1H4R7BA16J,13
MCS04020C1200FE000,10
CRCW04021M00FKED,11
CR0402-JW-222GLF,24
CRCW0402680RFKED,10
CRCW040233K2FKED,10
CRCW0402110KFKED,10
CRCW040241K2FKED,10
CRCW040221K5FKED,10
CRCW0402118KFKED,10
CRCW040225K5FKED,10
CRCW040271K5FKED,10
CRCW040210K0FKED,10
RK73H1ETTP2201F,10
CR0805-JW-222ELF,10
CR0402-FX-7151GLF,10
