time	elapsed_s	safety_temp_c	relay_energized	ct0	ct1	ct2	config_crc
19:56:22	8	36.34	True	16	17	69	20244
19:56:27	13	36.34	True	16	17	64	20244
19:56:32	17	36.32	True	17	17	65	20244
19:56:37	23	36.31	True	17	17	153	20244
19:56:42	27	36.34	True	17	17	166	20244
19:56:47	32	36.32	True	17	17	154	20244
19:56:52	37	36.36	True	17	17	66	20244
19:56:57	42	36.34	True	16	17	160	20244
19:57:02	47	36.38	True	17	17	158	20244
19:57:07	52	36.43	True	17	17	162	20244
19:57:12	57	36.55	True	17	17	66	20244
19:57:17	62	36.61	True	17	17	162	20244
19:57:22	67	36.73	True	17	17	165	20244
19:57:27	72	36.82	True	17	17	164	20244
19:57:32	77	36.88	True	17	17	66	20244
19:57:37	82	36.93	True	17	17	151	20244
19:57:42	87	36.99	True	17	17	155	20244
19:57:47	92	37.13	True	17	17	155	20244
19:57:52	97	37.17	True	16	17	67	20244
19:57:57	102	37.35	True	17	17	149	20244
19:58:02	107	37.41	True	17	17	166	20244
19:58:07	112	37.51	True	17	17	150	20244
19:58:12	117	37.58	True	17	17	65	20244
19:58:17	122	37.76	True	16	17	66	20244
19:58:22	127	37.88	True	17	17	61	20244
19:58:27	132	38.02	True	17	17	196	20244
19:58:32	137	38.19	True	17	17	61	20244
19:58:37	142	38.24	True	17	17	164	20244
19:58:42	147	38.31	True	16	17	158	20244
19:58:47	152	38.47	True	17	17	132	20244
19:58:52	157	38.59	True	17	17	63	20244
19:58:57	162	38.65	True	17	17	61	20244
19:59:02	167	38.83	True	17	17	64	20244
19:59:07	172	38.89	True	17	17	61	20244
19:59:12	177	39.02	True	17	17	61	20244
19:59:17	182	39.1	True	17	18	60	20244
19:59:22	187	39.14	True	17	17	59	20244
19:59:27	192	39.22	True	17	17	60	20244
19:59:32	197	39.26	True	16	17	57	20244
19:59:37	202	39.33	True	16	17	58	20244
19:59:42	207	39.37	True	17	17	64	20244
19:59:47	212	39.46	True	17	17	60	20244
19:59:52	217	39.51	True	16	17	59	20244
19:59:57	222	39.5	True	17	17	162	20244
20:00:02	227	39.55	True	16	17	161	20244
20:00:07	232	39.59	True	17	17	153	20244
20:00:12	237	39.6	True	17	17	65	20244
20:00:17	242	39.66	True	17	17	167	20244
20:00:22	247	39.78	True	17	17	165	20244
20:00:27	252	39.8	True	17	17	161	20244
20:00:32	257	39.85	True	17	17	61	20244
20:00:37	262	39.84	True	16	17	170	20244
20:00:42	267	39.97	True	17	17	157	20244
20:00:47	272	39.98	True	17	17	162	20244
20:01:13	298	40.41	True	16	17	162	20244
20:01:18	302	40.61	True	17	17	174	20244
20:01:23	308	40.75	True	17	17	156	20244
20:01:28	313	40.8	True	17	17	170	20244
20:01:33	317	40.95	True	17	17	67	20244
20:01:38	323	41.0	True	17	17	167	20244
20:01:43	328	41.16	True	17	17	164	20244
20:01:48	333	41.27	True	16	17	163	20244
20:01:53	337	41.41	True	17	17	169	20244
20:01:58	343	41.55	True	16	17	171	20244
20:02:03	347	41.73	True	17	17	155	20244
20:02:08	352	41.8	True	17	17	161	20244
20:02:13	357	41.93	True	17	17	59	20244
20:02:18	363	42.07	True	17	17	67	20244
20:02:23	367	42.2	True	17	17	59	20244
20:02:28	372	42.39	True	16	17	63	20244
20:02:33	378	42.51	True	16	17	62	20244
20:02:38	382	42.6	True	17	17	155	20244
20:02:43	387	42.64	True	16	17	151	20244
20:02:48	392	42.84	True	17	17	170	20244
20:02:53	397	42.93	True	17	17	61	20244
20:02:58	402	42.96	True	17	17	149	20244
20:03:03	407	43.09	True	17	17	147	20244
20:03:08	412	43.19	True	17	17	162	20244
20:03:13	417	43.32	True	16	17	63	20244
20:03:18	422	43.38	True	17	17	65	20244
20:03:23	427	43.48	True	17	17	61	20244
20:03:28	432	43.55	True	17	17	64	20244
20:03:33	437	43.68	True	16	17	62	20244
20:03:38	442	43.76	True	17	17	151	20244
20:03:43	447	43.82	True	17	17	174	20244
20:03:48	452	43.83	True	17	17	164	20244
20:03:53	457	43.89	True	17	17	61	20244
20:03:58	462	43.98	True	17	17	166	20244
20:04:03	467	44.04	True	17	18	166	20244
20:04:08	472	44.03	True	17	17	159	20244
20:04:13	477	44.14	True	16	17	59	20244
20:04:18	482	44.21	True	17	17	167	20244
20:04:23	487	44.26	True	17	17	163	20244
20:04:28	492	44.38	True	17	17	161	20244
20:04:33	497	44.4	True	17	17	60	20244
20:04:38	502	44.4	True	17	17	151	20244
20:04:43	507	44.52	True	17	18	157	20244
20:04:48	512	44.53	True	17	17	156	20244
20:04:53	517	44.62	True	17	17	158	20244
20:04:58	522	44.66	True	17	17	156	20244
20:05:03	527	44.76	True	17	17	154	20244
20:05:08	532	44.88	True	17	17	168	20244
20:05:13	537	44.85	True	17	17	60	20244
20:05:18	542	45.01	True	16	17	164	20244
20:05:23	547	45.08	True	17	17	163	20244
20:05:28	552	45.15	True	17	17	171	20244
20:05:33	557	45.31	True	17	17	59	20244
20:05:38	562	45.3	True	17	17	165	20244
20:05:55	580	45.62	True	17	17	58	20244
20:06:00	585	45.73	True	17	17	152	20244
20:06:05	590	45.82	True	17	17	153	20244
20:06:10	595	45.93	True	16	17	158	20244
20:06:15	600	46.06	True	17	17	61	20244
20:06:20	605	46.08	True	17	17	163	20244
20:06:25	610	46.24	True	17	17	165	20244
20:06:30	615	46.27	True	17	17	87	20244
20:06:35	620	46.4	True	16	17	59	20244
20:06:40	625	46.51	True	16	17	160	20244
20:06:45	630	46.54	True	16	17	162	20244
20:06:50	635	46.63	True	17	17	154	20244
20:06:55	640	46.73	True	17	17	99	20244
20:07:00	645	46.87	True	17	17	154	20244
20:07:05	650	46.96	True	17	17	147	20244
20:07:10	655	47.09	True	17	17	163	20244
20:07:15	660	47.16	True	16	17	59	20244
20:07:20	665	47.25	True	17	17	157	20244
20:07:25	670	47.4	True	16	17	168	20244
20:07:30	675	47.45	True	17	17	61	20244
20:07:35	680	47.54	True	17	17	58	20244
20:07:40	685	47.63	True	17	17	167	20244
20:07:45	690	47.66	True	17	17	156	20244
20:07:50	695	47.73	True	17	17	163	20244
20:07:55	700	47.8	True	17	17	160	20244
20:08:00	705	47.94	True	17	17	150	20244
20:08:05	710	48.01	True	16	17	150	20244
20:08:10	715	48.14	True	17	17	169	20244
20:08:15	720	48.27	True	17	17	62	20244
20:08:20	725	48.34	True	17	17	178	20244
20:08:25	730	48.48	True	17	17	167	20244
20:08:30	735	48.45	True	17	17	58	20244
20:08:35	740	48.64	True	17	17	62	20244
20:08:40	745	48.68	True	17	17	157	20244
20:08:45	749	48.72	True	17	17	162	20244
20:08:50	755	48.78	True	17	17	167	20244
20:08:55	760	48.83	True	16	17	160	20244
20:09:00	765	48.95	True	17	17	158	20244
20:09:05	769	49.08	True	17	17	164	20244
20:09:10	775	49.12	True	17	17	168	20244
20:09:15	780	49.17	True	17	17	59	20244
20:09:20	784	49.28	True	17	17	169	20244
20:09:25	790	49.4	True	17	17	172	20244
20:09:30	795	49.47	True	16	17	57	20244
20:09:35	799	49.49	True	17	17	59	20244
20:09:40	804	49.6	True	16	17	167	20244
20:09:45	810	49.67	True	16	17	164	20244
20:09:50	814	49.66	True	17	17	164	20244
