# cplval75 ambient/safety sidecar. iso_time	enclosure_c	cj0	cj1	cj2	safety_temp_c	relays_on_mask	diag_state	diag_trip_mask	diag_warn_mask	zone_blocked_mask	t0	t1	t2
2026-09-09T10:31:23	32.03	32.88	32.77	32.69	31.65	0x00	2	0x0000	0x0000	0	31.78	31.69	31.62
2026-09-09T10:32:24	32.08	32.88	32.8	32.69	31.7	0x00	2	0x0000	0x0000	0	31.75	31.76	31.59
2026-09-09T10:33:23	32.08	32.95	32.77	32.72	31.73	0x02	2	0x0000	0x0000	0	31.86	31.73	31.7
2026-09-09T10:34:23	32.08	33.0	32.88	32.72	31.73	0x02	2	0x0000	0x0000	0	31.91	31.86	31.7
2026-09-09T10:35:23	32.11	33.0	32.88	32.75	31.76	0x06	2	0x0000	0x0000	0	31.91	31.89	31.73
2026-09-09T10:36:23	32.19	32.92	32.84	32.77	31.89	0x06	2	0x0000	0x0000	0	31.91	31.86	31.77
2026-09-09T10:37:23	32.16	33.03	32.89	32.75	31.87	0x06	2	0x0000	0x0000	0	32.07	31.93	31.73
2026-09-09T10:38:36	32.19	33.03	32.88	32.75	31.91	0x00	2	0x0000	0x0000	0	32.03	31.93	31.8
2026-09-09T10:39:31	32.27	33.0	32.89	32.8	31.98	0x00	2	0x0000	0x0000	0	31.98	32.0	31.83
2026-09-09T10:40:31	32.28	33.03	32.89	32.83	32.0	0x00	2	0x0000	0x0000	0	32.0	32.0	31.91
