# cplval75, 2026-09-09 10:31-10:41. ABORTED at 397 s -- see
# docs/audits/cplval75_aborted_executor_panic_2026-09-09.md
#
# Two independent blockers: the ESP panicked in the profile_executor task, and
# separately NO HEAT ever reached the kiln -- duty ran to saturation with the
# zone temperatures flat at ambient the entire time. NO dwell was reached, so
# there is no hold point here and nothing in this file bears on the coupling
# matrix. It is kept only as the record of the no-heat symptom.
#
# Ambient at run start: enclosure 32.03 C; zones 31.78 / 31.69 / 31.62 C.
# Ambient at run end:   enclosure 32.28 C; zones 32.00 / 32.00 / 31.91 C.
# ff_hold_infeasible: never, on any zone, in any sample.
# Raw 5 s capture (gitignored, local only, as with every logs/coupling/*.jsonl):
#   logs/coupling/cplval75_20260909.jsonl
# 60 s ambient/safety sidecar (tracked): cplval75_20260909_ambient.tsv
#
# time	elapsed_s	target_c	actual0	actual1	actual2	duty0	duty1	duty2	on0	on1	on2
10:31:53	18	32.02	31.75	31.73	31.59	0.030	0.082	0.160	0	0	0
10:32:13	38	32.35	31.86	31.80	31.57	0.048	0.110	0.200	0	0	0
10:32:33	58	32.68	31.83	31.82	31.62	0.076	0.143	0.236	0	0	0
10:32:53	78	33.02	31.80	31.80	31.65	0.104	0.181	0.274	0	0	0
10:33:13	98	33.35	31.84	31.82	31.62	0.128	0.216	0.319	0	0	0
10:33:33	118	33.68	31.83	31.76	31.67	0.157	0.259	0.358	0	0	0
10:33:54	138	34.02	31.87	31.77	31.69	0.183	0.297	0.402	0	0	0
10:34:13	158	34.35	31.89	31.80	31.66	0.211	0.335	0.451	0	0	1
10:34:33	178	34.69	31.87	31.88	31.60	0.242	0.371	0.504	0	1	0
10:34:53	198	35.02	31.84	31.82	31.70	0.274	0.420	0.543	0	0	0
10:35:13	218	35.35	31.89	31.84	31.71	0.302	0.462	0.593	0	0	1
10:35:33	238	35.69	31.87	31.94	31.67	0.335	0.501	0.648	0	1	0
10:35:53	258	36.02	31.98	31.91	31.76	0.361	0.549	0.693	1	0	0
10:36:13	277	36.34	31.93	31.89	31.75	0.395	0.597	0.745	0	0	1
10:36:33	297	36.67	32.00	31.94	31.67	0.425	0.643	0.808	0	1	1
10:36:53	318	37.02	32.06	31.94	31.75	0.458	0.697	0.860	1	0	0
10:37:13	338	37.36	32.00	31.91	31.80	0.496	0.752	0.913	0	0	1
10:37:33	358	37.69	32.06	31.98	31.80	0.528	0.799	0.973	0	1	1
10:37:53	377	38.01	32.02	31.93	31.89	0.565	0.855	1.000	1	1	0
10:38:08	392	38.26	32.00	31.91	31.80	0.594	0.899	1.000	0	0	1
10:38:13	397	38.34	32.03	31.94	31.80	0.601	0.911	1.000	0	0	1
# LAST SAMPLE ABOVE IS 10:38:13. The board panicked and rebooted moments later;
# the 5 s poll saw two HTTP timeouts at 10:38:26/10:38:34 and then state=idle
# with last_run.present=false -- a reboot, not a stop.
# z2 held duty 1.000 for the final ~90 s with zero measurable temperature rise.
