# KilnCtl partition table -- ESP32-S3, N16R8 module (16 MB flash / 8 MB PSRAM,
# confirmed 2026-08-17 against the LonelyBinary product page for the board in
# hand). This table maps the first ~7.28 MB of that 16 MB chip: the original
# 2 MB single-`factory` layout (untouched, see below) plus, as of this pass
# (2026-08-17), the OTA dual-app-slot layout from
# ../CommonFW/docs/UPDATE_PROTOCOL.md section 3 (ROADMAP.md M8). The remaining
# ~8.7 MB above the new partitions is unmapped/unused headroom.
#
# Derived from ESP-IDF's stock partitions_singleapp_large.csv. The first three
# entries are byte-identical to that stock table on purpose: this board has
# already been flashed with the stock layout and has live data sitting in `nvs`
# at 0x9000 (zone config, rules, profiles, the run-state breadcrumb). Moving or
# resizing any of those three would silently invalidate everything stored in
# them the moment the new table is flashed. The ONLY change here is the fourth
# entry, appended into flash that was previously unused.
#
# Why `wifi_nvs` is a separate partition rather than another namespace inside
# `nvs`:
#   - NVS's own corruption recovery is partition-wide. When nvs_flash_init()
#     reports NO_FREE_PAGES or NEW_VERSION_FOUND the only fix is to erase the
#     whole partition, taking every namespace in it with it. With credentials
#     living in the same partition as zones/rules/profiles, a corrupt profile
#     blob meant the operator lost the Wi-Fi they needed to fix it -- i.e. the
#     board dropped off the network exactly when it became unreachable by any
#     other means. Splitting them means a wipe of one cannot reach the other.
#   - It also makes "reset the kiln config" (erase `nvs`) a survivable
#     operation that does not strand the board off Wi-Fi.
#
# Layout of the first 2 MB (0x200000) of the 16 MB flash mapped by this table:
#   0x000000..0x008000  bootloader (implicit, below the table offset)
#   0x008000..0x009000  partition table itself (CONFIG_PARTITION_TABLE_OFFSET)
#   0x009000..0x00F000  nvs         24K   default NVS: legacy home of zones/rules/
#                                         profiles/run_state, kept as-is for rollback
#                                         and one-time migration reads (2026-08-13)
#   0x00F000..0x010000  phy_init     4K   RF calibration data
#   0x010000..0x187000  factory   1500K   application image
#   0x187000..0x18D000  wifi_nvs    24K   Wi-Fi credentials ONLY
#   0x18D000..0x19D000  kiln_nvs    64K   zones, rules, relay_cycles, run_state
#                                         (2026-08-13 split, see App/drivers/wifi_prov.c
#                                         nvs_partition_init() for the pattern reused)
#   0x19D000..0x1FD000  profiles_nvs 384K fire profiles only -- the one section that
#                                         grows with use, so it gets the most headroom
#   0x1FD000..0x200000  unused      12K   remaining headroom
#
# wifi_nvs is 0x6000 = 24 KB, the same size as the default `nvs`. NVS needs a
# minimum of three 4K sectors to operate (two data pages plus one spare to
# compact into); 0x6000 gives six, which is far more than the handful of small
# string/u8 entries wifi_prov.c stores, but the space above the app is free
# anyway and the extra sectors mean the wear-levelling compaction that triggers
# NO_FREE_PAGES essentially never has to run here.
#
# kiln_nvs/profiles_nvs (2026-08-13): same rationale as wifi_nvs above, applied
# to the rest of the default `nvs` partition's former contents -- see TODO.md
# 8.1. zones/rules/relay_cycles/run_state are bounded and small (64K, same
# sector-count reasoning as wifi_nvs); profiles are the only section that
# grows with use, so profiles_nvs gets the remaining headroom. The old
# default `nvs` partition is deliberately left in place, unresized, so a
# rollback to pre-split firmware still finds working data there, and so this
# firmware's one-time migration (read old location, write through, do NOT
# delete the old copy) has somewhere to read from.
#
# What this does NOT protect against: `esptool erase_flash`. That erases the
# entire chip -- bootloader, partition table, and every partition including
# this one. No partition layout can survive it. See wifi_prov.c's header for
# the full survival matrix.
#
# --- OTA layout, added 2026-08-17 (UPDATE_PROTOCOL.md section 3) ----------
#
# Everything above is byte-identical to the pre-OTA table -- verified by diff,
# not just by eye. Nothing that existed before this pass moved, resized, or
# changed subtype. The new partitions start at 0x200000, which was unreachable
# dead flash before CONFIG_ESPTOOLPY_FLASHSIZE was corrected from 2MB to 16MB
# earlier this session; 0x1FD000..0x200000 (12K) stays unused exactly as
# before.
#
# otadata      data, ota,       0x200000, 0x2000    8K   OTA slot-selection state
# (pad)                         0x202000..0x210000  56K  see alignment note below
# ota_0        app,  ota_0,     0x210000, 0x200000  2048K  OTA slot A
# ota_1        app,  ota_1,     0x410000, 0x200000  2048K  OTA slot B
# pico_img     data, undefined, 0x610000, 0xE0000   896K  Pico-image relay staging
# coredump     data, coredump,  0x6F0000, 0x100000 1024K  panic/backtrace capture (see below)
# spare                         0x7F0000..0x1000000 ~8.1M unused headroom (16 MB part)
#
# Fit arithmetic:
#   otadata:  0x200000 + 0x002000 = 0x202000
#   ota_0:    next 64K-aligned offset >= 0x202000 is 0x210000 (see below);
#             0x210000 + 0x200000 = 0x410000
#   ota_1:    0x410000 + 0x200000 = 0x610000
#   pico_img: 0x610000 + 0x0E0000 = 0x6F0000
#   coredump: 0x6F0000 + 0x100000 = 0x7F0000
#   spare:    0x7F0000 .. 0x1000000 (16 MB) = 0x810000 = 8,454,144 B ~= 8.1 MB
#   Even against the conservative 8 MB (0x800000) floor this table was
#   designed for, 0x700000 < 0x800000 with ~1.0 MB to spare -- the layout does
#   not depend on the 16 MB confirmation being right, per UPDATE_PROTOCOL.md.
#
# --- coredump partition, added 2026-08-20 (spontaneous-reboot diagnosability
# pass -- see firmware/KilnFW/TODO.md) --------------------------------------
# The board was seen rebooting spontaneously on the bench with the panic
# handler's own text landing in a dead window of the serial capture (the
# USB-Serial-JTAG device re-enumerates across the reset). CONFIG_ESP_COREDUMP_
# ENABLE_TO_FLASH=y (see sdkconfig.defaults) writes the panic reason,
# backtrace, and task states to THIS partition instead, where they survive the
# reset and can be read back at leisure with espcoredump.py against the build
# ELF -- no serial capture window to lose.
#
# SIZED AT 1024K (0x100000). Raised 64K -> 512K -> 1024K on 2026-08-20 as the
# path was actually tested rather than assumed. 64K DID NOT WORK. The
# panic handler wrote nothing and the next boot reported
# ESP_ERR_NOT_FOUND, i.e. the whole diagnostic was silently dead. Captured
# from the USB-Serial-JTAG console (COM3) at the moment of the panic:
#
#   E esp_core_dump_flash: Not enough space to save core dump!
#   E esp_core_dump_elf: Failed to prepare core dump storage (257)!
#   E esp_core_dump_common: Core dump write failed with error=257
#   I esp_core_dump_flash: Core dump has been saved to flash.
#
# 257 is ESP_ERR_NO_MEM. Note the LAST line: ESP-IDF prints "Core dump has
# been saved to flash." unconditionally, immediately after reporting the
# failure. Read on its own it says the exact opposite of what happened --
# worth knowing before trusting it during a real incident.
#
# 64K was chosen originally by analogy with ESP-IDF's examples, which is the
# mistake: the dump size scales with the number of tasks and the size of
# their stacks, and this firmware runs a few dozen tasks (every UART bridge,
# LVGL, the owners, HTTP handlers, safety link).
#
# Then 512K -> 1024K when CONFIG_ESP_COREDUMP_CAPTURE_DRAM was turned on
# (sdkconfig.defaults). Without it the dump held only per-task stacks, so the
# TCBs -- which live in .bss/heap -- were absent, and every decoded thread
# came back with an empty task name and "Corrupted TCB data" (GDB reading
# unmapped memory). Backtraces resolved, but nothing said WHICH task died,
# which is most of the value when chasing a spontaneous reboot. CAPTURE_DRAM
# adds .bss/.data/heap; ESP-IDF's own Kconfig help says to reserve at least
# 128K more for it. 1024K is deliberately well past that -- the flash above
# is unused headroom that costs nothing, and a too-small partition fails in
# the worst possible way: silently, at exactly the moment the diagnostic was
# needed. That is not hypothetical here; it is what 64K did.
# subtype `coredump` (0x03) is the reserved subtype
# esp_core_dump_* uses to find this partition by type+subtype scan, not by
# name, so the partition label itself is cosmetic but kept as `coredump` for
# readability. Placed in the same 0x6F0000..0x1000000 spare region as
# pico_img above it, immediately following pico_img and 64K-aligned already
# (0x6F0000 = 111 x 0x10000), so no additional padding is needed the way
# ota_0 needed after otadata.
#
# Why the 56K gap between otadata and ota_0: `gen_esp32part.py` requires `app`
# type partitions (factory/ota_0/ota_1, but not `data` partitions like
# otadata) to start on a 64 KB (0x10000) boundary. otadata is only 8K, so
# placing ota_0 immediately after it at 0x202000 would fail partition-table
# generation. 0x210000 is the next 64K boundary at or after 0x202000, and the
# 56K between them is simply unused padding -- UPDATE_PROTOCOL.md's proposed
# offsets already accounted for this, this table just spells out why.
#
# ota_0 / ota_1 sized at 2048K (2 MB) each against the confirmed 2026-08-16
# measured image size of 1167 KB (KilnCtrl.bin) -- 1.75x headroom, matching
# UPDATE_PROTOCOL.md's own sizing rationale (room for TODO.md 6A/8 growth
# without another partition-table change). Both offsets and the size are
# already 64K-aligned (0x200000 = 32 x 0x10000), so both app-partition
# alignment and the general 4K-sector alignment requirement are satisfied by
# construction.
#
# pico_img sized at 896K (0xE0000), NOT the 512K UPDATE_PROTOCOL.md originally
# proposed. That figure predated checking it against the RP2040 side: SaftyFW's
# own bootloader/flash_layout.h defines BOOTLOADER_SLOT_FLASH_SIZE as 0xD0000
# (832K) per Pico application slot. 512K (0x80000) cannot hold an 832K image at
# all. 896K gives 64K (~7.7%) of headroom over the real 832K slot size while
# staying a clean 64K-aligned size; as a `data` partition pico_img only needs
# 4K-sector alignment to be valid, but 64K keeps the arithmetic simple and costs
# nothing given the ~9.3 MB still spare above it. This is a *staging* partition
# for relaying a Pico image through the ESP (UPDATE_PROTOCOL.md section 3,
# "A staging partition also solves the relay problem") -- it is never mapped,
# executed, or interpreted as a filesystem by the ESP itself, only read/written
# as a raw byte range, which is why its subtype is `undefined` (0x06) rather
# than `fat` (0x81): `fat` tells tooling this partition holds an actual FAT
# filesystem structure, which would be actively misleading for an opaque blob
# staging area that nothing ever mounts.
#
# `factory` (above) is deliberately KEPT, not reclaimed for OTA space, even
# though there is no shortage of room at 16 MB: with `otadata` erased or
# invalid the bootloader falls back to `factory`, the one recovery path that
# needs no serial cable. See UPDATE_PROTOCOL.md section 3.
#
# Still open (see firmware/KilnFW/TODO.md section 9 and
# ../CommonFW/docs/UPDATE_PROTOCOL.md section 7 for the authoritative list):
#   - Bootloader has NOT been reflashed against this new table on real
#     hardware yet -- this pass is host-build-verified only (gen_esp32part.py
#     validated a clean, non-overlapping table; nothing has touched the board).
#   - `nvs`/`wifi_nvs`/`kiln_nvs`/`profiles_nvs` have NOT been read out and
#     archived from the physical board. That is a one-time, irreversible-if-
#     skipped bench step this pass cannot perform.
#   - The streamed esp_ota_ops POST handler, challenge-response auth, the
#     UPDATE_* frame relay into pico_img, and the web/MCP surface are all still
#     unbuilt -- this pass is the partition-table + rollback foundation only.
#
# Name,       Type, SubType, Offset,   Size,     Flags
nvs,          data, nvs,     0x9000,   0x6000,
phy_init,     data, phy,     0xf000,   0x1000,
factory,      app,  factory, 0x10000,  0x177000,
wifi_nvs,     data, nvs,     0x187000, 0x6000,
kiln_nvs,     data, nvs,     0x18D000, 0x10000,
profiles_nvs, data, nvs,     0x19D000, 0x60000,
otadata,      data, ota,       0x200000, 0x2000,
ota_0,        app,  ota_0,     0x210000, 0x200000,
ota_1,        app,  ota_1,     0x410000, 0x200000,
pico_img,     data, undefined, 0x610000, 0xE0000,
coredump,     data, coredump,  0x6F0000, 0x100000,
